[
  {
    "ID_db": 1,
    "TAGNAME": "77BFFZS02-901",
    "DESCRIPTION": "(INST or ICSS) the Flame detector is in fault. located in S02",
    "reported_by": "Fabio Matricardi",
    "timestamp": "2026-02-10 15:45:05",
    "attachment_count": 1,
    "original_filenames": [
      "book Zhou.png"
    ],
    "status": "completed",
    "last_edited": "2026-02-12 14:50:54",
    "edited_by": "Fabio Matricardi"
  },
  {
    "ID_db": 2,
    "TAGNAME": "26FV-3602",
    "DESCRIPTION": "INST Valve cannot be operated",
    "reported_by": "Fabio Matricardi",
    "timestamp": "2026-02-10 20:55:47",
    "attachment_count": 1,
    "original_filenames": [
      "image.jpg"
    ],
    "status": "completed",
    "last_edited": "2026-02-12 14:51:08",
    "edited_by": "Fabio Matricardi"
  },
  {
    "ID_db": 3,
    "TAGNAME": "29FI-0101",
    "DESCRIPTION": "Wrong reading need calibration",
    "reported_by": "Fabio",
    "timestamp": "2026-02-11 08:29:25",
    "attachment_count": 1,
    "original_filenames": [
      "image.jpg"
    ],
    "status": "ongoing",
    "last_edited": "2026-02-12 14:51:21",
    "edited_by": "Fabio"
  },
  {
    "ID_db": 5,
    "TAGNAME": "38-PKG-001_GT-001B",
    "DESCRIPTION": "GTG B trips with alarm \"Liquid Fuel Pilot Valve Position Failure\" when, during liquid fuel runninig of two GTGs, a Heavy Power consumer starts. FCe2228 goes up to 10% and and GTG does't manage to stay on load. During Liquid fuel running and load sharing with other GTG, after heavy consumer's starts GTG bravo trips whit alarm \" Liquid Fuel Pilot Valve Position Failure\"  Cmd of FCE 2228 go up to 100% and GTG doesn't manage to stay on load.",
    "reported_by": "ANTE maint_lead",
    "timestamp": "2026-02-12 15:20:16",
    "attachment_count": 1,
    "original_filenames": [
      "20260212_145432_2a89a9a4_20260209_155810.jpg"
    ],
    "stored_filenames": [
      "cef50cb40c344172829d9eb710e286f2_20260212_145432_2a89a9a4_20260209_155810.jpg"
    ],
    "status": "ongoing",
    "last_edited": "2026-02-15 16:53:46",
    "edited_by": "ANTE maint_lead"
  },
  {
    "ID_db": 6,
    "TAGNAME": "77BFFZS02-201",
    "DESCRIPTION": "flame detector in S02 in alarm. to be verified",
    "reported_by": "fabio matricardi",
    "timestamp": "2026-02-13 09:27:28",
    "attachment_count": 1,
    "original_filenames": [
      "20260213_092604_32999b2a_image.jpg"
    ],
    "stored_filenames": [
      "01bd6b988ccd48d191ec32855c3b7a82_20260213_092604_32999b2a_image.jpg"
    ],
    "status": "completed",
    "last_edited": "2026-02-14 09:21:40",
    "edited_by": "fabio matricardi"
  },
  {
    "ID_db": 7,
    "TAGNAME": "77BFFZS02-203",
    "DESCRIPTION": "flame detector in S02 in alarm. to be verified",
    "reported_by": "fabio matricardi",
    "timestamp": "2026-02-13 09:29:12",
    "attachment_count": 1,
    "original_filenames": [
      "S02_flamedetectors-201-203.jpg"
    ],
    "stored_filenames": [
      "7ca99b9fcc8148c383ff3e863ee48c36_S02_flamedetectors-201-203.jpg"
    ],
    "status": "completed",
    "last_edited": "2026-02-14 09:21:49",
    "edited_by": "fabio matricardi"
  },
  {
    "ID_db": 8,
    "TAGNAME": "77BFFZS02-403",
    "DESCRIPTION": "flame detector in S02 in BAD/fault. to be verified",
    "reported_by": "fabio matricardi",
    "timestamp": "2026-02-13 09:31:16",
    "attachment_count": 1,
    "original_filenames": [
      "webcam_20260213_093014_b3951c97.jpg"
    ],
    "stored_filenames": [
      "bf83f76439a24f6f8b939d40f92712c3_webcam_20260213_093014_b3951c97.jpg"
    ],
    "status": "completed",
    "last_edited": "2026-02-14 09:22:00",
    "edited_by": "fabio matricardi"
  },
  {
    "ID_db": 9,
    "TAGNAME": "40-P-003B",
    "DESCRIPTION": "mechanical seal ned to be replaced",
    "reported_by": "RD",
    "timestamp": "2026-02-14 11:31:36",
    "attachment_count": 0,
    "original_filenames": [],
    "stored_filenames": [],
    "status": "ongoing",
    "last_edited": "2026-02-16 15:01:39",
    "edited_by": "RD"
  },
  {
    "ID_db": 11,
    "TAGNAME": "442-UTI-00",
    "DESCRIPTION": "Plausibility check pass on both unit, only  unit B drain valves to sludge tank open close signal to be adjusted in order to proceed with separation  - require level into tank in order to test",
    "reported_by": "RD",
    "timestamp": "2026-02-14 11:36:12",
    "attachment_count": 0,
    "original_filenames": [],
    "stored_filenames": [],
    "status": "sent",
    "last_edited": null,
    "edited_by": null
  },
  {
    "ID_db": 12,
    "TAGNAME": "50PDI0101",
    "DESCRIPTION": "PDI  not working - Display is incorrect - Under commissioning team to rectify",
    "reported_by": "RD",
    "timestamp": "2026-02-14 11:38:01",
    "attachment_count": 0,
    "original_filenames": [],
    "stored_filenames": [],
    "status": "completed",
    "last_edited": "2026-02-15 14:22:24",
    "edited_by": "RD"
  },
  {
    "ID_db": 13,
    "TAGNAME": "98-PKG-018-SK-002 AFT Hpochlorite PKG",
    "DESCRIPTION": "Aft Hypochlorite generator rectifier not responding in auto mode - commissioning team to rectify",
    "reported_by": "RD",
    "timestamp": "2026-02-14 11:40:38",
    "attachment_count": 0,
    "original_filenames": [],
    "stored_filenames": [],
    "status": "completed",
    "last_edited": "2026-02-15 16:52:28",
    "edited_by": "RD"
  },
  {
    "ID_db": 14,
    "TAGNAME": "53LG-0202 & 53LG-0203",
    "DESCRIPTION": "Fresh water tank (s) local gage not working - Local and CCR reading not matching",
    "reported_by": "RD",
    "timestamp": "2026-02-14 11:44:40",
    "attachment_count": 0,
    "original_filenames": [],
    "stored_filenames": [],
    "status": "ongoing",
    "last_edited": "2026-02-18 16:55:53",
    "edited_by": "RD"
  },
  {
    "ID_db": 15,
    "TAGNAME": "MGO-1 Service tk",
    "DESCRIPTION": "Local (61-LG-0113) and CCR reading not matching",
    "reported_by": "RD",
    "timestamp": "2026-02-14 12:17:16",
    "attachment_count": 0,
    "original_filenames": [],
    "stored_filenames": [],
    "status": "ongoing",
    "last_edited": "2026-02-18 16:56:06",
    "edited_by": "RD"
  },
  {
    "ID_db": 16,
    "TAGNAME": "23-F-001 MS Inlet 23LSLL0112",
    "DESCRIPTION": "SIS degradation on MS Inlet Coalescer for 23-LT-0112 due to invalidity of 1 transmitter from 2oo3.",
    "reported_by": "CCR SPV Burgarello Filippo",
    "timestamp": "2026-02-14 21:12:31",
    "attachment_count": 1,
    "original_filenames": [
      "23-F-001  MS Inlet.jpg"
    ],
    "stored_filenames": [
      "adac082fd1834d83a176a81afaab3258_23-F-001__MS_Inlet.jpg"
    ],
    "status": "completed",
    "last_edited": "2026-02-16 06:09:50",
    "edited_by": "CCR SPV Burgarello Filippo"
  },
  {
    "ID_db": 17,
    "TAGNAME": "MGO-1 Service tk",
    "DESCRIPTION": "Local (61-LG-0113) and CCR reading not matching",
    "reported_by": "RD",
    "timestamp": "2026-02-16 06:11:23",
    "attachment_count": 1,
    "original_filenames": [
      "N2-flometer-flare.pdf"
    ],
    "stored_filenames": [
      "450834642b524e9cad1f69acd67a7938_N2-flometer-flare.pdf"
    ],
    "status": "ongoing",
    "last_edited": "2026-02-18 16:56:16",
    "edited_by": "RD"
  },
  {
    "ID_db": 18,
    "TAGNAME": "77-SYC-255  GAS SAMPLING",
    "DESCRIPTION": "[INST CSU] after yesterday spurious alarms, Honeywell Gas sampling panel still showing some alarms. to be verified.",
    "reported_by": "fabio matricardi",
    "timestamp": "2026-02-16 10:25:55",
    "attachment_count": 1,
    "original_filenames": [
      "gassampling.png"
    ],
    "stored_filenames": [
      "2b2638fa7c24414e85d7b9d925e29f2f_gassampling.png"
    ],
    "status": "ongoing",
    "last_edited": "2026-02-17 14:27:17",
    "edited_by": "fabio matricardi"
  },
  {
    "ID_db": 19,
    "TAGNAME": "77BFFZCONO_015B",
    "DESCRIPTION": "[INST CSU] flame detector in alarm, probably because of flare now high. to be verified",
    "reported_by": "fabio matricardi",
    "timestamp": "2026-02-16 19:04:39",
    "attachment_count": 1,
    "original_filenames": [
      "77bffzcono_015B.png"
    ],
    "stored_filenames": [
      "942655bc67324103b3b640de4b57920b_77bffzcono_015B.png"
    ],
    "status": "completed",
    "last_edited": "2026-02-17 14:27:01",
    "edited_by": "fabio matricardi"
  },
  {
    "ID_db": 20,
    "TAGNAME": "22-SC-0201",
    "DESCRIPTION": "Gas Sampling Point 22-SC-0201 (sweet wet gas from Ammine Contactor) gas leak from inlet valve.",
    "reported_by": "Giovanni Morano",
    "timestamp": "2026-02-18 11:41:05",
    "attachment_count": 0,
    "original_filenames": [],
    "stored_filenames": [],
    "status": "ongoing",
    "last_edited": "2026-02-18 16:58:25",
    "edited_by": "Giovanni Morano"
  },
  {
    "ID_db": 21,
    "TAGNAME": "22-SC-0201",
    "DESCRIPTION": "Gas Sampling Point 22-SC-0201 (sweet wet gas from Ammine Contactor) gas leak from inlet valve.",
    "reported_by": "Giovanni Morano",
    "timestamp": "2026-02-18 13:21:29",
    "attachment_count": 0,
    "original_filenames": [],
    "stored_filenames": [],
    "status": "ongoing",
    "last_edited": "2026-02-18 16:59:27",
    "edited_by": "Giovanni Morano"
  },
  {
    "ID_db": 22,
    "TAGNAME": "53P004B (Hot water circulation pump)",
    "DESCRIPTION": "Minor leakage of mechanical seal. Pump currently under LTI-5000101 \nIn case of emergency (failure of A pump) possible to run as leakage is still in controllable range.\nSpares for Azcue pumps needed.",
    "reported_by": "Ante Mazic",
    "timestamp": "2026-02-18 13:29:54",
    "attachment_count": 0,
    "original_filenames": [],
    "stored_filenames": [],
    "status": "sent",
    "last_edited": null,
    "edited_by": null
  },
  {
    "ID_db": 23,
    "TAGNAME": "59-PKG-014-F-001 (Demin water maker sand filter).",
    "DESCRIPTION": "Sand filter leakage due to fracture.\nNew filter ordered and will be replaced once received.",
    "reported_by": "Ante Mazic",
    "timestamp": "2026-02-18 13:34:50",
    "attachment_count": 0,
    "original_filenames": [],
    "stored_filenames": [],
    "status": "ongoing",
    "last_edited": "2026-02-18 17:33:09",
    "edited_by": "Ante Mazic"
  },
  {
    "ID_db": 24,
    "TAGNAME": "61-PKG-006-002 (Fuel oil purifier).",
    "DESCRIPTION": "Bowl leakage. Inspection kit needed for replacement of O-rings.\nNo any defection of spare parts only inspection kit will be needed.\nSpares ordered but still not on board.",
    "reported_by": "Ante Mazic",
    "timestamp": "2026-02-18 13:39:39",
    "attachment_count": 0,
    "original_filenames": [],
    "stored_filenames": [],
    "status": "ongoing",
    "last_edited": "2026-02-18 17:33:26",
    "edited_by": "Ante Mazic"
  },
  {
    "ID_db": 25,
    "TAGNAME": "87-PKG-001-DEG-001B (Essential diesel generator B).",
    "DESCRIPTION": "Charge air shut off valves needs to be replaced.\n(Hard to reset after activation).",
    "reported_by": "Ante Mazic",
    "timestamp": "2026-02-18 13:44:10",
    "attachment_count": 0,
    "original_filenames": [],
    "stored_filenames": [],
    "status": "ongoing",
    "last_edited": "2026-02-18 16:55:08",
    "edited_by": "Ante Mazic"
  },
  {
    "ID_db": 26,
    "TAGNAME": "/LD1-3\"-LE-330705-ASDA-C",
    "DESCRIPTION": "Insulation cladding was damaged by lifting operations.",
    "reported_by": "Sun Xiujun (Leo)",
    "timestamp": "2026-02-18 14:06:18",
    "attachment_count": 1,
    "original_filenames": [
      "DSCF0555.JPG"
    ],
    "stored_filenames": [
      "07f3324d307e4c1388dde56b6b75abe2_DSCF0555.JPG"
    ],
    "status": "sent",
    "last_edited": null,
    "edited_by": null
  }
]