[
  {
    "ID": 1,
    "timestamp": "2026-02-03 01:30:00",
    "Country": "CONGO",
    "Company": "ENI CONGO",
    "Unit/Asset": "NGUYA FLNG",
    "Event Type": "PSD",
    "Event Classification": "SPURIOUS",
    "Main Cluster": "4. Logic/ Configuration",
    "Subcluster": "Software modification/patch",
    "Technical Details/Event Description": "Known issue due to wrong implementation of DCN during towing. \nplanned download on Febraury 07 2026. \nCommunication variables set to trip in case of bad/fault",
    "First Cause": "77ATFZLPG1-GD01 voting trip with NO gas detection",
    "RCA": "Known issue. solved on Febraury 07 2026.",
    "Actions": "Completed",
    "Action by": "CSU Instrument Team",
    "Reported by": "Fabio Matricardi"
  },
  {
    "ID": 2,
    "timestamp": "2026-02-05 17:08:47",
    "Country": "CONGO",
    "Company": "ENI CONGO",
    "Unit/Asset": "NGUYA FLNG",
    "Event Type": "PSD",
    "Event Classification": "SPURIOUS",
    "Main Cluster": "1. Procedure",
    "Subcluster": "Human error (operation/maintenance)",
    "Technical Details/Event Description": "the long term inhibition on the level transmitters due to instability of the readings, have been removed. sudden spikes (due to overrange) caused after 60 minutes activation of total process shutdown.",
    "First Cause": "36S-0002",
    "RCA": "LST instability of readings",
    "Actions": "CSU INST team to support troubleshooting with vendor;\nadd 60sec delay on instrument side : mitigation: safety action is by design delayed by 60 minutes, such delay can be reduced to 59min if needed",
    "Action by": "CSU INST",
    "Reported by": "Fabio Matricardi"
  },
  {
    "ID": 3,
    "timestamp": "2026-02-05 20:38:14",
    "Country": "CONGO",
    "Company": "ENI CONGO",
    "Unit/Asset": "NGUYA FLNG",
    "Event Type": "ESD",
    "Event Classification": "GENUINE",
    "Main Cluster": "1. Process / Operability",
    "Subcluster": "Process Upset (P/T/level/flow outside operating and/or design limits, dynamic instability, thermodynamic phenomena, etc.)",
    "Technical Details/Event Description": "Pressure on the IA  started to decrease from 16:55. after 20 minutes went below 4 barg and activated 76S-2000",
    "First Cause": "Low Low pressure on Instrument Air",
    "RCA": "UCP frozen. no clear explanation",
    "Actions": "no investigation ongoing: keep monitoring I.A. UCP in case issue reappears;\nit can be proposed to apply CCR alarm warning when similar problem reoccurs;",
    "Action by": "Maintnance",
    "Reported by": "Fabio Matricardi"
  },
  {
    "ID": 4,
    "timestamp": "2026-02-15 01:45:21",
    "Country": "CONGO",
    "Company": "ENI CONGO",
    "Unit/Asset": "NGUYA FLNG",
    "Event Type": "PSD",
    "Event Classification": "GENUINE",
    "Main Cluster": "4. Safety & Protection Systems",
    "Subcluster": "TBD",
    "Technical Details/Event Description": "single detection in S02 with no process shutdown impact",
    "First Cause": "level 5 S02, 77ATFZS02_502 single High detection",
    "RCA": "leak from 23E002 outlet flange",
    "Actions": "identify and rectify leak",
    "Action by": "O&M operators",
    "Reported by": "F.Benini"
  }
]