{
  "cards": [
    {
      "title": "CCR Master Override Register",
      "description": "Track all the Bypass to the Safety system.",
      "image": "images/1.jpg",
      "link": "http://127.0.0.1:7860/"
    },
    {
      "title": "Shutdown Log",
      "description": "Register all the Total/Process Shutdown in the Plant.",
      "image": "images/2.jpg",
      "link": "http://127.0.0.1:7860/shutdown-logs"
    },
    {
      "title": "Maintenance Work Order",
      "description": "Issue Notification for Corrective actions in the Plant.",
      "image": "images/4.jpg",
      "link": "http://127.0.0.1:7960/"
    },	
    {
      "title": "Risk Assessment Tool",
      "description": "Prepare online your Safety Risk assessment for the job",
      "image": "images/3.jpg",
      "link": "http://127.0.0.1:7760/"
    }
  ]
}