{
  "cards": [
    {
      "title": "CCR Master Override Register",
      "description": "Track all the Bypass to the Safety system.",
      "image": "images/1.jpg",
      "link": "http://10.184.232.178:7860/"
    },
    {
      "title": "Shutdown Log",
      "description": "Register all the Total/Process Shutdown in the Plant.",
      "image": "images/2.jpg",
      "link": "http://10.184.232.178:7960/"
    },
    {
      "title": "Risk Assessment Tool",
      "description": "Prepare online your Safety Risk assessment for the job",
      "image": "images/3.jpg",
      "link": "http://127.0.0.1:7860/"
    },
    {
      "title": "City Lights",
      "description": "Experience the energy of urban life after dark.",
      "image": "https://picsum.photos/seed/city/400/300",
      "link": "https://en.wikipedia.org/wiki/City"
    }
  ]
}